Job Title,Company Name,Location
Java Developer (H/F),Java Developer (H/F),"Gouvernorat Tunis, Tunisie (Sur site)"
Développeur Fullstack,Développeur Fullstack,"Tunis, Gouvernorat Tunis, Tunisie (Hybride)"
Développeur TYPO3-SENIOR/EXPERT (Rémunération attractive-Distanciel Possible),Développeur TYPO3-SENIOR/EXPERT (Rémunération attractive-Distanciel Possible),Sfax Metropolitan Area (Sur site)
Senior DevOps Engineer,Senior DevOps Engineer,"Tunis, Gouvernorat Tunis, Tunisie (Sur site)"
Digital Factory Responsible,Digital Factory Responsible,"Tunis, Gouvernorat Tunis, Tunisie (Sur site)"
Software Engineer Backend (Java / Spring),Software Engineer Backend (Java / Spring),"Gouvernorat Tunis, Tunisie (Hybride)"
Senior Full Stack Python/Django.vueJS Developer -Tunis,Senior Full Stack Python/Django.vueJS Developer -Tunis,"Gouvernorat Tunis, Tunisie (Hybride)"
,,
,,
,,
,,
,,
,,
,,
,,
,,
,,
,,
